<?xml version="1.0"?>
<extension key="eu.tttp.lonesome" type="module">
  <file>lonesome</file>
  <name>Find contacts without groups or without tags</name>
  <label>Find contacts without groups or without tags</label>
  <description>Provides a custom search a dataviz to let you find your individual contacts that don't belong to a group</description>
  <downloadUrl>https://github.com/TechToThePeople/lonesome/archive/lonesome-v1.2.zip</downloadUrl>
  <license>AGPL-3.0</license>
  <maintainer>
    <author>xavier</author>
    <email>xavier@tttp.eu</email>
  </maintainer>
  <urls>
    <url desc="Main Extension Page">https://github.com/TechToThePeople/lonesome</url>
    <url desc="Documentation">https://github.com/TechToThePeople/lonesome</url>
    <url desc="Support">https://github.com/TechToThePeople/lonesome</url>
    <url desc="Licensing">http://www.gnu.org/licenses/agpl-3.0.html</url>
  </urls>
  <releaseDate>2015-05-09</releaseDate>
  <version>1.2</version>
  <develStage>stable</develStage>
  <compatibility>
    <ver>4.2</ver>
    <ver>4.3</ver>
    <ver>4.4</ver>
    <ver>4.5</ver>
    <ver>4.6</ver>
  </compatibility>
  <comments>No man is an island</comments>
  <civix>
    <namespace>CRM/Lonesome</namespace>
  </civix>
</extension>
